{"cameraMode":{"drawMode":0,"name":"Shaded","section":"Shading Mode"},"sceneLighting":true,"audioPlay":false,"sceneViewState":{"showFog":true,"showMaterialUpdate":false,"showSkybox":true,"showFlares":true,"showImageEffects":true,"showParticleSystems":true},"in2DMode":false,"pivot":{"x":2.973769187927246,"y":0.5995382070541382,"z":-3.9402475357055666},"rotation":{"x":-0.0029998456593602897,"y":0.009907419793307782,"z":-0.000029435652322717942,"w":-0.9999496936798096},"size":3.2785305976867677,"orthographic":true}